id,value
mentor
mentor.Expedia
mentor.Expedia.MENG
mentor.Expedia.MENG.Sabryna Conn
mentor.Expedia.BSc
mentor.Expedia.BSc.Demarco Johnston
mentor.Expedia.BASC
mentor.Expedia.BASC.Jarred Cole
mentor.Symantec
mentor.Symantec.BSc
mentor.Symantec.BSc.Grady Hermiston
mentor.Symantec.MSc
mentor.Symantec.MSc.Elian Boyer
mentor.Symantec.PhD
mentor.Symantec.PhD.Oda Hammes VAlvina Effertz
mentor.Symantec.MENG
mentor.Symantec.MENG.Ismael Cruickshank
mentor.Quora
mentor.Quora.MSc
mentor.Quora.MSc.Gustave Marquardt
mentor.Quora.PhD
mentor.Quora.PhD.Sharon Schimmel
mentor.Quora.BSc
mentor.Quora.BSc.Ocie Mills MD
mentor.SAP
mentor.SAP.BASC
mentor.SAP.BASC.Jaylon McDermott
mentor.SAP.MSc
mentor.SAP.MSc.Gloria Schroeder
mentor.Oracle
mentor.Oracle.BSc
mentor.Oracle.BSc.Lukas Swaniawski Jr.
mentor.Oracle.PhD
mentor.Oracle.PhD.Roberto Bauch
mentor.Google
mentor.Google.BASC
mentor.Google.BASC.Adrain O'Kon DVM
mentor.Google.MSc
mentor.Google.MSc.Mr. Micaela Hills
mentor.Google.MENG
mentor.Google.MENG.Edwin Maggio
mentor.Google.PhD
mentor.Google.PhD.Allen Beatty
mentor.Uber
mentor.Uber.MENG
mentor.Uber.MENG.Magnus Trantow
mentor.Uber.PhD
mentor.Uber.PhD.Lamar Hodkiewicz
mentor.Uber.BASC
mentor.Uber.BASC.Noe Farrell
mentor.Uber.BSc
mentor.Uber.BSc.Clark Schroeder
mentor.Uber.MSc
mentor.Uber.MSc.Thea Cronin
mentor.Yahoo
mentor.Yahoo.MSc
mentor.Yahoo.MSc.Lois VeumFloy Tremblay
mentor.Twillio
mentor.Twillio.BSc
mentor.Twillio.BSc.Monique RoweEmory JacobsMiss Gregoria Rath
mentor.Palantir
mentor.Palantir.MENG
mentor.Palantir.MENG.Friedrich Cormier
mentor.Palantir.BASC
mentor.Palantir.BASC.Loma Auer
mentor.Intel
mentor.Intel.PhD
mentor.Intel.PhD.Marty Moen
mentor.eBay
mentor.eBay.MSc
mentor.eBay.MSc.Leatha HandGwendolyn Friesen
mentor.eBay.PhD
mentor.eBay.PhD.Mrs. Charlie Lind
mentor.eBay.MENG
mentor.eBay.MENG.Mitchel Schuster Jr.
mentor.NASA
mentor.NASA.MSc
mentor.NASA.MSc.Ms. Adan Fahey
mentor.NASA.MENG
mentor.NASA.MENG.Mr. Evans Stokes
mentor.NASA.BASC
mentor.NASA.BASC.Loyal Huels
mentor.NASA.PhD
mentor.NASA.PhD.Salma Grady IIPatrick Mante
mentor.Apple
mentor.Apple.BSc
mentor.Apple.BSc.Miss Finn Spencer
mentor.Apple.PhD
mentor.Apple.PhD.Bettye Miller
mentor.Apple.MENG
mentor.Apple.MENG.Gerard Sipes
mentor.Slack
mentor.Slack.MSc
mentor.Slack.MSc.Ms. Agustin Cartwright
mentor.Amazon
mentor.Amazon.BSc
mentor.Amazon.BSc.Taryn Emard
mentor.Amazon.BASC
mentor.Amazon.BASC.Earnestine Ondricka
mentor.Amazon.MSc
mentor.Amazon.MSc.Miss Eudora Runte
mentor.TripAdvisor
mentor.TripAdvisor.BSc
mentor.TripAdvisor.BSc.Elinore Bradtke
mentor.TripAdvisor.MENG
mentor.TripAdvisor.MENG.Hallie Wisozk
mentor.Instagram
mentor.Instagram.MSc
mentor.Instagram.MSc.Antonietta Schaefer
mentor.Youtube
mentor.Youtube.BSc
mentor.Youtube.BSc.Tatyana Raynor
mentor.Youtube.BASC
mentor.Youtube.BASC.Ms. Johan TrompStephan Wilderman IV
mentor.Yelp
mentor.Yelp.BASC
mentor.Yelp.BASC.Deonte DooleyKris Kutch
mentor.Square
mentor.Square.MENG
mentor.Square.MENG.Hilario Prosacco
mentor.Square.PhD
mentor.Square.PhD.Sigmund Hauck
mentor.Square.BSc
mentor.Square.BSc.Ms. Hayden Bradtke
mentor.Mozilla
mentor.Mozilla.BSc
mentor.Mozilla.BSc.Lenore Green
mentor.Mozilla.MSc
mentor.Mozilla.MSc.Chauncey MuellerScot Jerde
mentor.Mozilla.MENG
mentor.Mozilla.MENG.Prince Johnston
mentor.Mozilla.PhD
mentor.Mozilla.PhD.Wilburn Dietrich
mentor.Pinterest
mentor.Pinterest.MENG
mentor.Pinterest.MENG.Caroline Nader II
mentor.Pinterest.BASC
mentor.Pinterest.BASC.Willow Johnston
mentor.IBM
mentor.IBM.BASC
mentor.IBM.BASC.Mr. Brisa ReichelChristopher West
mentor.Tableau
mentor.Tableau.MSc
mentor.Tableau.MSc.Reba Cole
mentor.Reddit
mentor.Reddit.MSc
mentor.Reddit.MSc.Justen Buckridge
mentor.Reddit.MENG
mentor.Reddit.MENG.Noelia Willms Jr.
mentor.Airbnb
mentor.Airbnb.MENG
mentor.Airbnb.MENG.Jerald Spinka
mentor.Tesla
mentor.Tesla.MSc
mentor.Tesla.MSc.Adam Lemke
mentor.Tesla.BASC
mentor.Tesla.BASC.Dr. Wallace LeuschkeWard RunteTrinity Kub
mentor.Github
mentor.Github.MENG
mentor.Github.MENG.Sienna Heidenreich IIJoshua Rempel
mentor.Github.BSc
mentor.Github.BSc.Emile Cassin
mentor.Stripe
mentor.Stripe.PhD
mentor.Stripe.PhD.Jan HillsKeeley Pacocha
mentor.Stripe.BSc
mentor.Stripe.BSc.Icie Shields
mentor.Microsft
mentor.Microsft.MSc
mentor.Microsft.MSc.Mabelle Spinka
mentor.Microsft.BASC
mentor.Microsft.BASC.Frida Kemmer
mentor.Microsft.MENG
mentor.Microsft.MENG.Dr. Tabitha Steuber
mentor.Microsft.BSc
mentor.Microsft.BSc.Vidal McKenzie
mentor.Twitter
mentor.Twitter.BASC
mentor.Twitter.BASC.Abagail Jacobs
mentor.Twitter.MENG
mentor.Twitter.MENG.Monique Grant
mentor.Lyft
mentor.Lyft.BSc
mentor.Lyft.BSc.Easton Littel
mentor.Lyft.PhD
mentor.Lyft.PhD.Dr. Marcia Sanford
mentor.Facebook
mentor.Facebook.BASC
mentor.Facebook.BASC.Kaylah Kunze
mentor.Facebook.PhD
mentor.Facebook.PhD.Corine Schiller
mentor.Qualcomm
mentor.Qualcomm.MSc
mentor.Qualcomm.MSc.Fidel Larkin
mentor.Qualcomm.BASC
mentor.Qualcomm.BASC.Adam Rowe
mentor.Adobe System
mentor.Adobe System.MSc
mentor.Adobe System.MSc.Ignacio Fay
mentor.SpaceX
mentor.SpaceX.BSc
mentor.SpaceX.BSc.Mrs. Jessica Runte
mentor.General Electric
mentor.General Electric.PhD
mentor.General Electric.PhD.Jesus GulgowskiMilan Dooley
mentor.Salesforce
mentor.Salesforce.MENG
mentor.Salesforce.MENG.Lina Hudson
mentor.Linkedin
mentor.Linkedin.MSc
mentor.Linkedin.MSc.Mr. Krista Cremin
